{"cameraMode":{"drawMode":0,"name":"Shaded","section":"Shading Mode"},"sceneLighting":false,"audioPlay":false,"sceneViewState":{"showFog":true,"showMaterialUpdate":false,"showSkybox":true,"showFlares":true,"showImageEffects":true,"showParticleSystems":true},"in2DMode":false,"pivot":{"x":419.22344970703127,"y":-33.255096435546878,"z":301.983154296875},"rotation":{"x":0.1388729214668274,"y":0.4110778868198395,"z":-0.06352036446332932,"w":0.8987182378768921},"size":536.955322265625,"orthographic":false}